Title,URL,Publication_Date,Content
Exclusive Interview with Lt.-Gen. Bacha Debele on Current Affairs – (Part 1),https://www.waltainfo.com/exclusive-interview-with-lt-gen-bacha-debele-on-current-affairs-part-1/,,"Walta Media and Communication Corporate S.C. (WMCC) is a broadcast media company based in Addis Ababa, the political capital of Africa. The company which owns TV and Radio Stations aspires to become a pan African media company currently disseminating information in local and international languages."
Respected Comrade Kim Jong Un Guides Consultative Meeting for Regional Development Project,https://www.waltainfo.com/respected-comrade-kim-jong-un-guides-consultative-meeting-for-regional-development-project/,,"The noble sense of mission, far-reaching ideal and stubborn practical ability of the Workers’ Party of Korea, which regards it as its main focus to originate everything in its revolutionary guidance to absolutely defending the people’s rights and interests and steadily develop in depth the policy for their well-being, strongly promote the comprehensive prosperity and development of the DPRK, unfolding in succession the blueprints of transformation most desired and welcomed by the people. At a time when the modern rural housing construction is going on in a massive way to remove the countryside’s centuries-old backwardness on a nationwide scale and the ten-year revolution was launched in real earnest to rebuild the regional economy on a completely new and advanced basis, under the WPK’s grand regional development strategy, the Party Central Committee made an another crucial decision and entered into the preparations for adopting an eventful policy decision on carrying out the historic task of successfully building advanced public health facilities, sci-tech dissemination centers and grain management facilities simultaneously in cities and counties across the country. General Secretary Kim Jong Un on August 31 convened and guided a consultative meeting for the regional development project as part of the preparations for adopting a new important decision to hasten the epochal development and comprehensive prosperity of regions as a Party policy. Present at the meeting were Presidium members Kim Tok Hun and Jo Yong Won and relevant members of the Political Bureau of the WPK Central Committee, chief secretaries of the provincial party committees, commanding officers of the services and corps of the Korean People’s Army which dispatched their units to the regional construction in different areas, and officials in the field of design. Deeply analyzing the significance and importance of the construction of health facilities, sci-tech dissemination centers, and grain management facilities in cities and counties that arise as a more essential requirement in accelerating the development of the Korean revolution and the historic cause of regional rejuvenation at present, the General Secretary said that to thoroughly implement the Party’s regional development strategy is not merely a practical undertaking for building factories and structures but an important political work for giving full play to the advantages of our state system based on the people-first principle to implant the truth and invincibility of the socialist cause deep in the people and ensure the steady succession to the socialist cause. In recent years the WPK set forth a policy on building light industry factories in local areas to develop cities and counties, regional bases, substantially, materially, and in a planned way and has pushed ahead with its implementation in every way, but this alone is not enough to provide the regional people across the country with a sustained and improved material and cultural life, he said. The newly-added three-point construction task is in full accord with the regional construction policy of the WPK and its policy of prioritizing science and technology and people-oriented policies and it is essential for implementing the programme of state construction to achieve the balanced and simultaneous development of the whole country and, accordingly, it is an urgent task to carry it into practice, he said. He reaffirmed that now is the best time for the start of this important revolutionary work since KPA units have been deployed in every province, city, and county and a national material supply and command system established in a well-regulated way to implement the Regional Development 20×10 Policy. The Party’s policy for regional development in the new era should not be confined to the construction of light industry factories but should be a comprehensive policy dealing with public health, science, and education, and only then, it can make a genuine contribution to the improvement of regional people’s material and cultural life and radically improve the efficiency of regional development, he said, clarifying all the principles to be adhered to in building advanced city and county hospitals, scientific and technological dissemination bases and grain management facilities. He said that it is his first cherished desire to build city and county hospitals which will greatly contribute to improving the regional health situation, relatively inferior, and promoting the life and security and health of local people, adding that it would be good to add the construction of modern health facilities to the Regional Development 20×10 Policy and complete their construction in the set year without fail for the people in different local areas, though it is very difficult to do, and that this will be regarded as the first task the Korean revolution and the times entrust the Party and the government. Science and technology dissemination centers, too, should be completed in a big way wonderfully to provide the working people from all walks of life in local areas with enough conditions for contributing to the development of the state by dint of technology and knowledge and also comprehensive and integrated rice-processing facilities be built to further improve the people’s diet, he stressed. He said that it is important for the provincial, city and county Party committees and people’s committees to find out their definite shares of work, including preparations for the operation of newly-to-be-built objects, and launch effective work for their realization, more deeply mindful that they are responsible for the implementation of the regional development policy. The meeting, on the basis of in-depth study of the key issues guaranteeing the feasibility of the three-point construction essential for the regional development, discussed such detailed practical measures as the reinforcement of KPA units at all levels involved in the regional construction and the establishment of a central policy guidance system over the construction sector. Noting that these gigantic projects launched by the WPK are an important undertaking based on scientific calculation and the Party Central Committee requires that they should be carried out on the highest level so that the local people can benefit from them even after 100 years, Kim Jong Un expressed belief that the more our Party, government and army shoulder heavy burden, the faster the new era of regional transformation change will be brought and the further the welfare of people across the country will be promoted. Saying that great years are being witnessed when a grand cause of regional transformation, envisaged as an ideal for nearly 80 years, is realized during the ten-year revolution, he called upon all officials to conduct their work responsibly with their strong will and firm confidence to surely bring about a new appearance in which the whole country has been changed and a radical turn has taken place in the life of the regional people as required by the Party’s policy of regional development. He said that the historic cause of regional development is a revolutionary undertaking to be proud of, though it needs much effort, and that when new edifices symbolic of the people’s happiness and regional development have appeared in 20 cities and counties every year and the whole country is seething with the song of radical changes, we will feel more proud of the dynamic pace of today which we have taken with readiness for courageous struggle and fortitude. The precious guidelines, which stress our sacred and just cause of supporting the people as heaven and indicate the ways for comprehensively and rapidly developing the whole country as befitting the status and position of a powerful country while firmly maintaining the Korean-style view on development and mode of development, redoubled the noble sense of mission and spirit of exertion of all the participants in the meeting. The new direction of struggle, which is of great significance in accelerating the historic cause of regional rejuvenation, is the responsible option and worthwhile revolutionary work of the WPK which regards it as its revolutionary climate and supreme desire to courageously shoulder all the burdens for realizing the people’s cherished wishes and bringing about the future full of happiness. All the participants raised their enthusiastic applause, extending the highest tribute to Kim Jong Un who is dynamically ushering in a new era of socialist civilization and prosperity while arousing all our servicepersons and civilians to the great struggle with his ardent spirit of serving the country and the people and sacred step of the most staunch and active exploration. The consultative meeting, held under the guidance of the respected Comrade Kim Jong Un , served as a political occasion of weighty significance in providing a practical guarantee for the expanded and deepened regional development policy of the WPK. The grand ideal and strong might of self-reliance of the WPK translating the people’s dreams and wishes into brilliant reality are making a series of remarkable changes and eye-opening efflorescence in all aspects of socialist construction, looking forward to the rosy future.  The content of this article does not represent the opinions and perspectives of Addis Walta. Walta Media and Communication Corporate S.C. (WMCC) is a broadcast media company based in Addis Ababa, the political capital of Africa. The company which owns TV and Radio Stations aspires to become a pan African media company currently disseminating information in local and international languages."
"Sudan’s Burhan Declares State of Emergency, Dissolves Government",https://www.waltainfo.com/sudans-burhan-declares-state-of-emergency-dissolves-government/,,"Addis Ababa, October 25, 2021 (Walta) – Sudan’s ruling council head Abdel Fattah al-Burhan announced on Monday a state of emergency across the country and the dissolution of the transitional sovereign council and the government. According to the Information Ministry of Sudan earlier this morning, Security forces in Sudan have moved Prime Minister Abdalla Hamdok to an unknown location after he refused to issue a statement in support of an ongoing coup. It was noted that nine high level government officials including Information Minister Hamza Baloul, media adviser to the Prime Minister, Faisal Mohammed Saleh, and the spokesman for Sudan’s ruling sovereign council, Mohammed al-Fiky Suliman, were also arrested. Last week, tens of thousands of Sudanese marched in several cities to back the full transfer of power to civilians, and to counter a rival days-long sit-in outside the presidential palace in Khartoum demanding a return to “military rule”. Walta Media and Communication Corporate S.C. (WMCC) is a broadcast media company based in Addis Ababa, the political capital of Africa. The company which owns TV and Radio Stations aspires to become a pan African media company currently disseminating information in local and international languages."
Many Health Professionals have Sacrificed Life,https://www.waltainfo.com/many-health-professionals-have-sacrificed-life/,,"Walta Media and Communication Corporate S.C. (WMCC) is a broadcast media company based in Addis Ababa, the political capital of Africa. The company which owns TV and Radio Stations aspires to become a pan African media company currently disseminating information in local and international languages."
DR Congo’s First Female PM Sworn in,https://www.waltainfo.com/dr-congos-first-female-pm-sworn-in/,,"Addis Ababa, June 13, 2024(Addis Walta) Judith Suminwa Tuluka was sworn in early Wednesday as the first female prime minister of the Democratic Republic of the Congo (DRC). Before the National Assembly, the lower house of the DRC parliament, Tuluka and the other 54 new government members officially took office after deputies approved Tuluka’s action programme with a required absolute majority. Tuluka, while presenting her action programme Tuesday afternoon, said she was proud to have broken the “glass ceiling” as the first Congolese woman to serve the country as prime minister. “By assuming this position, I am fully aware of the historical importance of this moment and the symbolism of this appointment for the Congolese nation. I feel both the weight of the responsibility on me and an immense pride in the idea of representing within the Republic, the culmination of the efforts of all Congolese men and women tending to break the famous ‘glass ceiling’,” noted Tuluka. She promised to lay the groundwork for an “emerging Congo” by creating around 2.6 million jobs and an academy of mathematics and artificial intelligence in Kinshasa, while laying out actions on national security, economic diversification, infrastructure connectivity, public services, and climate change. Holder of a master’s degree in applied economics from the Universite libre de Bruxelles of Belgium, Tuluka was appointed state minister for Planning in March 2023. From 2020 to 2023, she also served as deputy coordinator of the Presidential Strategic Monitoring Council, an agency affiliated with the presidential office. Walta Media and Communication Corporate S.C. (WMCC) is a broadcast media company based in Addis Ababa, the political capital of Africa. The company which owns TV and Radio Stations aspires to become a pan African media company currently disseminating information in local and international languages."
Maintaining Original Ideals,https://www.waltainfo.com/maintaining-original-ideals/,," The Workers’ Party of Korea, founded on October 10, 1945, is a Juche-oriented, revolutionary party which has remained faithful to its ideals in the early period of its founding and its revolutionary nature decade after decade and century after century. First of all, it holds fast to and adds brilliance to its revolutionary line of independence. Having adopted independence as the lifeline of the Korean revolution and the cornerstone of state building in the initial days of its founding, it has addressed all problems arising in the revolution and construction from the Juche-oriented stand and on the principle of national independence. It has flatly rejected the arbitrary pressure and high-handed practices by outside forces to threaten the nation’s rights to independence, existence and development and tarnish its prestige. In this way it has advanced the revolution and construction in the Korean style and on the strength of the Korean people. The backbone and lifeline of the independent national economy has been defended and strong potentials and foundations for restructuring and developing the overall economy built up. Boosting the most powerful defence capabilities of the nation and developing them to be more invincible has been promoted as the most pressing task for defending the supreme interests and security of the nation. Momentous events have taken place one after another. All the credit for this goes to the energetic leadership of the WPK which has consistently pursued the revolutionary line of independence. The WPK keeps to its noble ideals and nature as a genuine party for the people which takes responsible care of their destiny. Since its birth it has made clear its mission as an organization which was formed for the people and works for their good. As it has applied in its building and activities the principle that the masses of the people are the masters of the revolution and construction and they are also the motive force of the revolution and construction, it has established a climate of serving them unconditionally across the Party. It has made sure that the top and absolute priority be given to the people’s opinions, demands, interests and convenience in working out and implementing its policies. Under its leadership officials come closer to the people particularly in hard times. This has become the mainstream in the Party. According to its plans to provide the people with a stable and cultured life monumental structures have sprung up in different parts of the country. The true nature of the Party finds its conspicuous expression in the fact that it leads the Korean revolution along the road of socialism. After advancing policies towards socialism in the first days of its founding, the WPK has proficiently led the anti-imperialist, anti-feudal democratic revolution and socialist revolution and construction, bringing about a lot of changes. As the Party steadily adhered to the banner of socialism, the DPRK could make amazing achievements in the face of worldwide political upheavals and unprecedented trials. Today the dignity of the WPK is demonstrated at the highest level as it is led by the respected Comrade Kim Jong Un at the helm. He has ensured that the ideals of the WPK at its birth are consistently maintained in all its activities and work. This has helped develop the WPK into a party which has struck its roots deep in the minds of the people and formed a harmonious whole with them, and into the longest-ruling socialist party and a Juche-oriented, revolutionary party which solves all problems in accordance with the aspirations and demands of the people and the specific conditions of the country. Seeing the WPK steadily leading the cause of independence for the masses of the people without the slightest mistakes, setbacks and deviations, the Korean people are convinced that their country will grow more powerful and prosperous and they will lead a happier life without anything to envy.  The content of this article does not represent the opinions and perspectives of Addis Walta. Walta Media and Communication Corporate S.C. (WMCC) is a broadcast media company based in Addis Ababa, the political capital of Africa. The company which owns TV and Radio Stations aspires to become a pan African media company currently disseminating information in local and international languages."
European Federation of Journalist to Suspend Using Social Media X,https://www.waltainfo.com/european-federation-of-journalist-to-suspend-using-social-media-x/,," Addis Ababa, December 2, 2024 (Addis Walta) European Federation of Journalists (EFJ) decided to stop posting on X, formerly known as Twitter, as of January 20th, 2025, the day Donald Trump took office in the Whitehouse. EFJ stated that it can “no longer ethically participate in a social network that its owner has transformed into a machine of disinformation and propaganda”. The federation which represent over 250, 000 journalists from 44 countries reached to this decision following US president-elect, Donald Trump and the owner of X, Elon Musk cooperation which seen as “a threat to democracy and freedom of expression”. EFJ decision comes after various media outlets such as The Guardian, Dagens Nyheter, La Vanguardia, Ouest-France and Sud_Ouest quit using X due to the impact of Elon Musk on the platform. ““The social media site X has become the preferred vector for conspiracy theories, racism, far-right ideas and misogynistic rhetoric. X is a platform that no longer serves the public interest at all, but the special ideological and financial interests of its owner and his political allies, ”EFJ president, Maja Sever, stating the reason to suspend using X. “The editorial evolution of X, since its acquisition by Elon Musk, is simply contrary to our humanist values, our commitment to press freedom and media pluralism, and our fight against all forms of hatred and discrimination. The decision to suspend our @EFJEUROPE account seemed clear to us and we invite all our members and all organizations defending freedom of expression to migrate to other platforms,” per The London Economic. Walta Media and Communication Corporate S.C. (WMCC) is a broadcast media company based in Addis Ababa, the political capital of Africa. The company which owns TV and Radio Stations aspires to become a pan African media company currently disseminating information in local and international languages."
House Re-elects Abiy Ahmed as Prime Minister,https://www.waltainfo.com/house-re-elects-abiy-ahmed-as-prime-minister-2/,,"Walta Media and Communication Corporate S.C. (WMCC) is a broadcast media company based in Addis Ababa, the political capital of Africa. The company which owns TV and Radio Stations aspires to become a pan African media company currently disseminating information in local and international languages."
EU Vows Continued Support for Ethiopia’s Efforts to Build Resilient Health System,https://www.waltainfo.com/eu-vows-continued-support-for-ethiopias-efforts-to-build-resilient-health-system/,,"Addis Ababa, April 24, 2024(Addis Walta) The European Union (EU) has announced that it continue all the necessary support for the efforts to build resilient health systems in Ethiopia and improve universal health coverage. Health Minister Dr. Mekdes Daba received a delegation from the EU at her office where the two sides deliberated on how to further strengthen cooperation toward realizing a sustainable and resilient health system in Ethiopia. Dr. Mekdes thanked the EU for its continued support, calling for further assistance in the endeavors to ensure a resilient health system, prevent sexual violence, and provide the necessary responses to the issue and mainstream gender issues in the health system. She further called on the EU to assist the activities to improve access to mental health services, build capacities of health professionals, and accelerate the restoration and reconstruction of health facilities destroyed and damaged by conflict. Saying that efforts are underway to expand advanced bio-medical laboratories in the region and build capacities of other countries, Dr. Mekdes called on the EU to give priority to this effort. EU Ethiopia Representative, Roberto Schiliro, pointed out that his organization has been a close partner to Ethiopia in the health sector for many years, pledging commitment to continue support for the efforts to build a resilient health system and improve universal health coverage in the country. Walta Media and Communication Corporate S.C. (WMCC) is a broadcast media company based in Addis Ababa, the political capital of Africa. The company which owns TV and Radio Stations aspires to become a pan African media company currently disseminating information in local and international languages."
GAVI to Provide Cold Chain Facility to Boost Immunization Coverage in Ethiopia,https://www.waltainfo.com/gavi-to-provide-cold-chain-facility-to-boost-immunization-coverage-in-ethiopia/,,"Addis Ababa, March 14, 2024(Addis Walta) Global Alliance for Vaccine and Immunization (GAVI) announced to provide a cold chain facility to boost immunization coverage in Ethiopia. GAVI’s Director of High Impact Countries Country Programmes Delivery, Dr. Tokunbo Oshin discussed with Semereta Sewasew, State Minister of Finance. The discussion mainly highlighted co-financing requirements, the approved Cold Chain Equipment Optimization Platform (CCEOP), and financial accountability. The two sides approved support to Ethiopia on the Cold Chain facility through which 18 million USD is expected to be provided by GAVI and 4 million USD is allocated as joint investment from the government in two years period. Dr. Tokunbo mentioned that Ethiopia has been one of the priority countries in terms of vaccine and vaccine-related supports for the last two decades and it has been honoring the co-financing obligation as required by GAVI for vaccine delivery and cash grants for immunization-related interventions in the country. Semereta Sewasew affirmed that Ethiopia will remain consistent in meeting the co-financing requirements to show the government’s unwavering commitment to invest in the implementation of the national immunization plan. Moreover, on behalf of the Federal Democratic Republic of Ethiopia, the Ministry of Finance appreciated GAVI for its valuable support in the health sector. Walta Media and Communication Corporate S.C. (WMCC) is a broadcast media company based in Addis Ababa, the political capital of Africa. The company which owns TV and Radio Stations aspires to become a pan African media company currently disseminating information in local and international languages."
US ambassador to Kenya Resigns Following Trump’s Presidential Victory,https://www.waltainfo.com/us-ambassador-to-kenya-resigns-following-trumps-presidential-victory/,,"Addis Ababa, November 14, 2024 (Addis Walta) US ambassador to Kenya, Meg Whitman, resigned a day after Donald Trump won election. In her resignation letter, Ambassador Meg Whitman said “It has been an honour and privilege to serve the American people through strengthening our partnership with Kenya.” She was appointed as US ambassador to Kenya in 2022 by President Joe Biden. “My efforts also opened the door for more American companies to do business in Kenya. Trade, jobs, and US investment in Kenya are at historic highs because of our efforts,” she said. In her letter she cited American public’s decision in the 2024 election as reason for her resignation. She stated “The American people have spoken, and a new president will be inaugurated in January,” per TRT World. US relation with Sub-Saharan Africa said to be neglected under previous Trump administration characterized by his racist remarks about the people in Africa. Walta Media and Communication Corporate S.C. (WMCC) is a broadcast media company based in Addis Ababa, the political capital of Africa. The company which owns TV and Radio Stations aspires to become a pan African media company currently disseminating information in local and international languages."
EPL Clubs Vote in Favor of Keeping VAR in 2024/25 Season,https://www.waltainfo.com/epl-clubs-vote-in-favor-of-keeping-var-in-2024-25-season/,," Addis Ababa, June 6, 2024 (Addis Walta) English Premier League Clubs voted 19 to 1 in favor of keeping the Video Assistance Referee (VAR) in 2024/25 season. Wolves triggered a vote on the use of VAR in the next season after formally submitting a resolution to the Premier League in May 2024. The club presented a nine reasons to support the suspension of VAR use in the highflying league. The Premier League has been under serious criticism on the use of VAR which was introduced to the league at the end of 2019/20 season. Fans, players and clubs have been venting their fumes on frequent match interruptions, delays, disallowance/instating of goals in high pacing football match which disrupt the momentum of the game. Fans have been frequently complaining that the application of VAR in matches significantly changing the game experience they used to enjoy prior to its introduction. In addition, match officials have been making frequent erroneous decisions which VAR has intended to alleviate. However, the decision to keep the use of VAR come with precondition according to Sky News. At the Annual General Meeting, the Premier League, the Professional Game Match Officials League (PGMOL) are said to have key role in the improvement of the system and reputation. As part of ongoing work to improve VAR, six key areas were focused including reducing delays to the game, improving fan experience through a reduction in the delays, implementation of more robust VAR training to improve consistency, increasing transparency and communication around VAR, delivery of a fan and stakeholder VAR communication campaign and among others. In order to pass the resolution triggered by Wolves, at least 14 clubs must have voted it. Walta Media and Communication Corporate S.C. (WMCC) is a broadcast media company based in Addis Ababa, the political capital of Africa. The company which owns TV and Radio Stations aspires to become a pan African media company currently disseminating information in local and international languages."
Current situation update,https://www.waltainfo.com/current-situation-update/,,"Addis Ababa, October 24, 2022 (Walta) – The ENDF has continued taking control of major urban centers in the past few days. The ENDF has succeeded in avoiding combat in urban areas while debilitating the military capabilities of the TPLF. The Government of Ethiopia is working in coordination with humanitarian agencies to continue providing humanitarian aid in these areas. It has also requested operators of essential services to expedite their preparation to resume services in these areas. The Government is also exploring ways in which public administration and social services in these areas could begin in consultation with the local population. Meanwhile, the Government of Ethiopia will be participating in the AU convened peace talks to be held in South Africa. The Government of Ethiopia views the talks as an opportunity to peacefully resolve the conflict and consolidate the improvement of the situation on the ground brought about through the sacrifices of the ENDF. The delegation of Ethiopian Government has left for South Africa this morning. OCTOBER 24, 2022 ADDIS ABABA Government Communication Service Walta Media and Communication Corporate S.C. (WMCC) is a broadcast media company based in Addis Ababa, the political capital of Africa. The company which owns TV and Radio Stations aspires to become a pan African media company currently disseminating information in local and international languages."
Ethiopia Makes the Best out of Conference Diplomacy,https://www.waltainfo.com/ethiopia-makes-the-best-out-of-conference-diplomacy/,,"Addis Ababa, November 14, 2024 (Addis Walta) Ministry of Foreign Affairs of Ethiopia stated that Ethiopia has recently been effective in utilizing the conference diplomacy held in the capital Addis Ababa. Ministry of Foreign Affairs Spokesperson, Ambassador Nebiat Getachew, gave a press briefing on current, regional and global issues to local and international correspondents. He noted that more than 30 international conferences were held in Addis Ababa in the past quarter, from which Ethiopia effectively benefited from conference diplomacy. The Ministry of Foreign Affairs of Ethiopia stated that Ethiopia has conducted effective work in conference diplomacy over the past quarter.  These conferences played a significant role for Ethiopia in image building, generating tourism revenue, and sharing various experiences in one place without wasting time and money, he added. He said that this quarter witnessed the growing capacity of Addis Ababa City in attracting conference tourism and diplomacy, including the recent “World without Hunger” conference.  Walta Media and Communication Corporate S.C. (WMCC) is a broadcast media company based in Addis Ababa, the political capital of Africa. The company which owns TV and Radio Stations aspires to become a pan African media company currently disseminating information in local and international languages."
Trump Appoints Elon Musk to Lead New Agency – GOGE,https://www.waltainfo.com/trump-appoints-elon-musk-to-lead-new-agency-goge/,,"Addis Ababa, November 13, 2024 (Addis Walta) US President-elect Donald Trump appointed billionaire Elon Musk to lead the newly created Department of Government Efficiency (DOGE). Elon Musk will lead DOGE together with former Republican presidential candidate and Biotechnology entrepreneur, Vivek Ramaswamy. DOGE will operate outside of government agency and will have advisory and guidance role for the White House. Trump said that DOGE will partner with Office of Management and Budget to “drive large scale structural reform, and create an entrepreneurial approach to government never seen before.” The president-elect boasted the two “will pave the way for my administration to dismantle government bureaucracy, slash excess regulations, cut wasteful expenditures, and restructure federal agencies”, according to The Guardian. Owner of Tesla, X and Neuralink, SpaceX and other numerous companies, Elon Musk, pledged to put out all actions of the department online for maximum  transparency. “Anytime the public thinks we are cutting something important or not cutting something wasteful, just let us know!” he said, while also promise to keep “a leaderboard for most insanely dumb spending of your tax dollars,” Musk added. DOGE expected to conclude its mission by 4 th July, 2026, just in time for America’s 250 th anniversary of the signing of the Declaration of Independence. Elon Musk has been the biggest donner in Donald Trump’s second presidential bid although the tech billionaire banned Trump from Twitter (now X) while he was in his first term at White House.   Walta Media and Communication Corporate S.C. (WMCC) is a broadcast media company based in Addis Ababa, the political capital of Africa. The company which owns TV and Radio Stations aspires to become a pan African media company currently disseminating information in local and international languages."
"“I Dream to Study Space Science” – Model, Dr. Misiker Kassahun",https://www.waltainfo.com/i-dream-to-study-space-science-model-dr-misiker-kassahun/,,"Walta Media and Communication Corporate S.C. (WMCC) is a broadcast media company based in Addis Ababa, the political capital of Africa. The company which owns TV and Radio Stations aspires to become a pan African media company currently disseminating information in local and international languages."
PM Abiy Ahmed Congratulates Paul Kagame upon his Reelection,https://www.waltainfo.com/pm-abiy-ahmed-congratulates-paul-kagame-upon-his-reelection/,," Addis Ababa, July 17, 2024 (Addis Walta) Prime Minister Abiy Ahmed congratulated Rwandan President, Paul Kagame for his reelection victory. “Wishing you continued success in your upcoming term. May your leadership bring further stability and development to Rwanda,” PM Abiy wrote on his “X” page. The 66-year-old Paul Kagame won Monday’s election, his fifth term, in a landslide 99% vote. Walta Media and Communication Corporate S.C. (WMCC) is a broadcast media company based in Addis Ababa, the political capital of Africa. The company which owns TV and Radio Stations aspires to become a pan African media company currently disseminating information in local and international languages."
INSA Director General Met with Russian Deputy Foreign Minister,https://www.waltainfo.com/insa-director-general-met-with-russian-deputy-foreign-minister/,,"Addis Ababa, April 19, 2024 (Addis Walta) Director-General of the Information Network Security Administration (INSA), Tigist Hamid met with Deputy Minister of Foreign Affairs of the Russian Federation, Vershinin Sergey Vasilievich, on the sidelines of the 10th meeting of the BRICS Working Group on Security Issues in the Use of Information and Communication Technologies (ICT). The Russian Deputy Foreign Minister welcomed the accession of Ethiopia to BRICS and expressed its readiness to strengthen dialogue and coordination with Ethiopian partners within the framework of the association. During the meeting, the two sides paid particular attention to the joint efforts to search for solutions to the problem of the “digital divide” between developed and developing countries through building ICT potential and cooperation in the International Telecommunication Union. 10th meeting of the BRICS Working Group on Security Issues in the Use of Information and Communication Technologies (ICT) focused on the prospects for interaction in line with the provisions of the bilateral intergovernmental agreement on international information security and on issues of responding to computer attacks. Walta Media and Communication Corporate S.C. (WMCC) is a broadcast media company based in Addis Ababa, the political capital of Africa. The company which owns TV and Radio Stations aspires to become a pan African media company currently disseminating information in local and international languages."
የሥልጠና እና ምርምር ማስታዎቂያ,https://www.waltainfo.com/የሥልጠና-እና-ምርምር-ማስታዎቂያ/,,"የዋልታ ሚዲያና ኮሚዩኒኬሽን ኮርፖሬት የስልጠናና የምርምር ማዕከል ዋልታ ሚዲያና ኮሚዩኒኬሽን ኮርፖሬት በራሱ ከፍተኛ ብቃት ባላቸው ባለሙያዎችና ስልጠና ከሚሰጡ የታወቁ ተቋማት ጋር በመተባበር በተለያዩ የኮሚዩኒኬሽንና የጋዜጠኝነት ሥራዎች እንዲሁም ተዛማጅ ዘርፎች በተመለከተ አጫጭር ሥልጠናዎችን ለጋዜጠኞች፣ ለካሜራ ባለሙያዎችና ለሌሎች ከዘርፉ ጋር ተዛማጅ ለሆኑ ባለሙያዎች  በተመጣጣኝ ዋጋ ለዓመታት ሲሰጥ የቆየ አንጋፋ ተቋም መሆኑ የሚታወቅ ነው፡፡  በመሆኑም በተቋማችን ስልጠና እንዲሰጥላችሁ የምትፈልጉ ተቋማት በተጠቀሱት የስልጠና ርዕሶች ወይም ተጨማሪ የስልጠና ፍላጐታችሁን በስልክ ቁጥሮች 0944959595/ 0115-264046/ 0114-705971/ 0114-670303 በመደወል፣ በፋክስ ቁጥር 0114-670302 በመላክ፣ መስቀል አደባባይ በሚገኘው የስልጠናና የምርምር ማዕከል ቢሯችን፣ ጠመንጃ ያዥ ባለው ዋና ቢሯችን በአካል በመቅረብ እንዲሁም የዋልታ ዌብሳይት ላይ ዝርዝር መረጃ በማግኘት የስልጠና ፍላጎታችሁን እንድታሳውቁንና አብራችሁን እንድትሰሩ በአክብሮት እንጋብዛለን፡፡ ዋልታ ለሀገሬ Walta Media and Communication Corporate Training and Research Center Tel: 251 114670303/ 251 115264046 / 251 114705971/ 251 11 0944959595 Fax: 251114670302  E-mail: [email protected] [email protected] P.O. Box 12918  SMS  8970 Walta Media and Communication Corporate S.C. (WMCC) is a broadcast media company based in Addis Ababa, the political capital of Africa. The company which owns TV and Radio Stations aspires to become a pan African media company currently disseminating information in local and international languages."
Addis Walta TV Live Streaming,https://www.waltainfo.com/addis-walta-tv-live-streaming/,,"Walta Media and Communication Corporate S.C. (WMCC) is a broadcast media company based in Addis Ababa, the political capital of Africa. The company which owns TV and Radio Stations aspires to become a pan African media company currently disseminating information in local and international languages."
Ambassador Mesganu Arga Confers with Japan’s Special Envoy to HoA,https://www.waltainfo.com/𝐀𝐦𝐛𝐚𝐬𝐬𝐚𝐝𝐨𝐫-𝐌𝐞𝐬𝐠𝐚𝐧/,,"Addis Ababa, November 16, 2024 (Addis Walta) The State Minister for Foreign Affairs, Ambassador Mesganu Arga, conferred with Japan’s Special Envoy for the Horn of Africa, Ambassador Shimizu Shinsuke. During the meeting, Ambassador Mesganu noted that the relation Ethiopia has with Japan is of a great importance. He congratulated the envoy for the successful Tokyo International Conference on African Development (TICAD) forum in Japan and emphasized the government’s commitment to TICAD and bilateral engagements, including trade and private sector investment from Japan. The Japan’s Special Envoy for the Horn of Africa, Ambassador Shimizu Shinsuke, on his part, lauded the successful bilateral meetings of the two countries’ delegations on the margins of TICAD Forum in Japan. The special envoy underscored the need for regional organizations like the AU and IGAD towards finding a lasting political solution for Sudan’s conflict, per MFA of Ethiopia. The two sides further discussed other regional issues of mutual concern. Walta Media and Communication Corporate S.C. (WMCC) is a broadcast media company based in Addis Ababa, the political capital of Africa. The company which owns TV and Radio Stations aspires to become a pan African media company currently disseminating information in local and international languages."
"Minister of Finance, NBE Governor Meet with IMF Chief",https://www.waltainfo.com/minister-of-finance-nbe-governor-meet-with-imf-chief/,,"Addis Ababa, April 17, 2024 (Addis Walta) Ethiopia’s Minister of Finance, Ahmed Shide, and the Governor of National Bank of Ethiopia, Mamo Mihretu, met and held a brief conversation with the Managing Director of the International Monetary Fund (IMF), Kristalina Georgieva, in Geneva, Switzerland. Following her meeting with the Ethiopian high-level delegation, the IMF chief noted on X that their discussion focused on prospects for Ethiopia’s ambitious homegrown economic reform program. They also touched up on ways how IMF can support Ethiopia’s progress and endeavors. “Our teams will continue to work together in the days ahead,” Kristalina Georgieva added Walta Media and Communication Corporate S.C. (WMCC) is a broadcast media company based in Addis Ababa, the political capital of Africa. The company which owns TV and Radio Stations aspires to become a pan African media company currently disseminating information in local and international languages."
Zenith Steel Company to Invest over 150 Million USD in Ethiopia’s Industrial Park,https://www.waltainfo.com/zenith-steel-company-to-invest-over-150-million-usd-in-ethiopias-industrial-park/,,"Addis Ababa, April 24, 2024(Addis Walta) Zenith Steel Company, which is known for producing high-quality steel and electrical equipment in China, has expressed its desire to enter and invest in Bole Lemi Industrial Park, Ethiopia. The Ethiopian Industrial Parks Development Corporation (IPDC) CEO Aklilu Tadese, received and spoke with the General Manager of the company Liwon Donga, and officials. The largest number of foreign investors in the industrial parks managed by the corporation are Chinese, the CEO said. For this reason, he mentioned that the corporation has also opened a Chinese investment desk. Officials of the company explained the investment plan, current activities of the company, and the work they plan to do in the first phase. Zenith Steel Company, which is based in Changzhou Province, China set a plan to acquire 30 hectares of leased land in the Bole Lemi Industrial Park and invest more than 150 million US dollars. Walta Media and Communication Corporate S.C. (WMCC) is a broadcast media company based in Addis Ababa, the political capital of Africa. The company which owns TV and Radio Stations aspires to become a pan African media company currently disseminating information in local and international languages."
State Minister Encourages Norwegian Companies to Consider Investing in Ethiopia,https://www.waltainfo.com/state-minister-encourages-norwegian-companies-to-consider-investing-in-ethiopia/,,"Addis Ababa, April 18, 2024(Addis Walta) State Minister of Foreign Affairs Ambassador Mesganu Arga met with Stain Christensen, Ambassador of Norway to Ethiopia, to discuss ways to enhance bilateral cooperation between the two countries, at his office today. Both officials emphasized the importance of strengthening ties in areas such as official development cooperation, peacebuilding initiatives, climate change issues, and water resource management. State Minister Ambassador Mesganu encouraged Norwegian companies to consider investing in Ethiopia, further boosting economic relations between the two nations. Ambassador Stain Christensen reassured Norway’s commitment to work with Ethiopia in addressing climate change issues. He expressed Norway’s willingness to deepen cooperation with Ethiopia and explore new avenues for partnership. The two officials exchanged views on a range of bilateral, regional, and global issues, reaffirming their mutual dedication to fostering stronger diplomatic relations. Walta Media and Communication Corporate S.C. (WMCC) is a broadcast media company based in Addis Ababa, the political capital of Africa. The company which owns TV and Radio Stations aspires to become a pan African media company currently disseminating information in local and international languages."
Murray Announces Paris Olympics will be his Final Tournament,https://www.waltainfo.com/murray-announces-paris-olympics-will-be-his-final-tournament/,,"Addis Ababa, July 23, 2024 (Addis Walta) The two times Olympic tennis gold medalist, Andy Murray, announced on Tuesday that his participation at the Paris Games will be the final competition of his career before retirement. The Scottish man won gold medals in London 2012 beating Roger Federer in the final and successfully defended his title in Rio Olympic in 2016. “Arrived in Paris for my last ever tennis tournament at Olympics,” Murray wrote on his X handle. The 37 years old Scot has been through various injuries and underwent surgeries over the years. Tennis was played as Olympic sport between 1896 and 1924. After 60 years of absence it returned as an official Olympic game in 1988. The competition at Paris Olympics begins on July 27 and Murray, who made his Olympic debut in Beijing 2008, will play in both singles and doubles in his fifth and final Games, per Reuters. Since turning professional in 2005, Murray has since amassed 46 singles titles, including three Grand Slams, 14 Masters 1000 titles and two Olympic Gold medals. Walta Media and Communication Corporate S.C. (WMCC) is a broadcast media company based in Addis Ababa, the political capital of Africa. The company which owns TV and Radio Stations aspires to become a pan African media company currently disseminating information in local and international languages."
Leaders of World’s Biggest Polluters Aren’t Attending UN Climate Summit,https://www.waltainfo.com/leaders-of-worlds-biggest-polluters-arent-attending-un-climate-summit/,," Addis Ababa, November 13, 2024 (Addis Walta) World’s biggest polluters which release 70% of heat-trapping gases emitted last year are not sending their leaders to UN Climate conference at Baku, Azerbaijan. America, China, India and Indonesia and nine other countries are not sending their number ones at the climate conference converged at Baku to Belarusian President Alexander Lukashenko speaking at the summit said “The people who are responsible for this are absent. There’s nothing to be proud about.” United Nations Secretary-General Antonio Guterres called out the world leaders who did show up that the planet is seeing “a master class in climate destruction” in a year virtually certain to be hottest on record, per Los Angeles Times. However, the Secretary General seems hopeful about the future in terms of clean energy. He said in a veiled reference to Donald Trump’s reelection in the United States that the “clean energy revolution is here. No group, no business, no government can stop it.” Walta Media and Communication Corporate S.C. (WMCC) is a broadcast media company based in Addis Ababa, the political capital of Africa. The company which owns TV and Radio Stations aspires to become a pan African media company currently disseminating information in local and international languages."
Ethiopian FM Calls for Enhanced Multilateralism to Back Poverty Eradication Efforts,https://www.waltainfo.com/ethiopian-fm-calls-for-enhanced-multilateralism-to-back-poverty-eradication-efforts/,,"Addis Ababa, September 23, 2024 (Addis Walta) Ethiopian Foreign Minister, Ambassador Taye Atske-Selassie called for enhanced multilateralism to support the effort to eradicate poverty. Ethiopian delegation led by the foreign minister is taking part in the UN Summit of the Future held in New York. The Summit calls for scaled up cooperation and multilateralism by adopting three negotiated documents: Pact for the Future, Declaration on Future Generations and Global Digital Compact. In delivering a speech at the Summit under the banner “Enhancing multilateralism for international peace and security,” Ambassador Taye has emphasized the need to shift from rivalry to cooperation, enhance tolerance for policy differences, and build bridges to attain the most basic global development agenda.  Ambassador Taye added that the UN must be at the center of effective multilateralism by overcoming the influences coming from selective national interests. The Foreign Minister also underscored the need for better prioritization, enhanced solidarity, and political commitment in the UN to assist nations in their efforts to eradicate poverty within their policy choice. He further called for the respect for the fundamental principles of the UN charter. He stated that no rule, regional grouping, or alliance should be allowed to undermine the principles of sovereignty and sovereign equality, non-interference in the internal affairs of states, the prohibition of the threat or the use of force, and peaceful resolution of disputes, per MFA of Ethiopia. Walta Media and Communication Corporate S.C. (WMCC) is a broadcast media company based in Addis Ababa, the political capital of Africa. The company which owns TV and Radio Stations aspires to become a pan African media company currently disseminating information in local and international languages."
PEPFAR Announces $111M to Support Ethiopia’s Response to End HIV/AIDS,https://www.waltainfo.com/pepfar-announces-111m-to-support-ethiopias-response-to-end-hiv-aids/,,"Addis Ababa, March 19, 2024(Addis Walta) The U.S. President’s Emergency Plan for AIDS Relief (PEPFAR) program has approved the $111 million (over 6 billion Birr) Country Operational Plan 2023 (COP23) to support Ethiopia’s efforts to end HIV/AIDS as a public health threat by 2030. Ambassador Dr. John N. Nkengasong, U.S. Global AIDS Coordinator and Senior Bureau Official for Global Health Security and Diplomacy for Health Diplomacy, announced the approval. The U.S. Embassy in Addis Ababa confirmed this news today. Ethiopia’s Minister of Health, Dr. Mekdes Daba, and U.S. Ambassador to Ethiopia, Ervin J. Massinga, attended the virtual event and gave their remarks. The COP23 Year 2 plan represents an ongoing partnership between the Ministry of Health and PEPFAR to support the needs of people living with HIV in Ethiopia. With the announcement of the approval, this partnership will continue and ensure that Ethiopia is on track to achieve epidemic control by 2030. The plan, created in collaboration with the Ministry of Health and various stakeholders, aims to close gaps in HIV prevention, care, and treatment for key populations and address geographic disparities. The plan will prioritize improving HIV services in conflict-affected areas, enhancing case-finding strategies, and reaching vulnerable populations such as children, adolescents, and gender-based violence survivors. PEPFAR has invested approximately $3 billion (over 162 billion Birr) in Ethiopia over the past 21 years to support the HIV/AIDS response. PEPFAR’s investments have strengthened the health system through workforce development, improved infrastructure to support HIV services, and supported the establishment of referral laboratories and a national health information system to address HIV. Walta Media and Communication Corporate S.C. (WMCC) is a broadcast media company based in Addis Ababa, the political capital of Africa. The company which owns TV and Radio Stations aspires to become a pan African media company currently disseminating information in local and international languages."
"USAID Launches 5-Year, $8M Tuberculosis Flagship Project",https://www.waltainfo.com/usaid-launches-5-year-8m-tuberculosis-flagship-project/,,"Addis Ababa, June 12, 2024(Addis Walta) The United States government, through the United States Agency for International Development (USAID Ethiopia), launched a five-year, $8 million (450 million Birr) flagship project to control and prevent Tuberculosis (TB) and Drug-Resistant Tuberculosis (DR-TB). The project will be implemented in selected urban regions of Ethiopia, including Addis Ababa, Dire Dawa, Shaggar City in the Oromia region, and Harari National Regional State. Dr. Dereje Duguma, Ethiopia’s State Minister of Health, together with Karen Koprince, Acting USAID/Ethiopia Health Office Director, and Artist Alemayehu Tadesse, Goodwill Ambassador for the project, launched the project in the Mekedonia Shelter for the Elderly, who are said to be beneficiaries of this project. According to the U.S Embassy, the project will provide comprehensive support to the people and Government of Ethiopia to achieve the United Nations High-Level declaration targets of ending TB by 2030 by detecting at least 95 percent of TB and DR-TB cases, successfully treating 95 percent of detected TB and DR-TB patients, preventing TB infection and progression to TB disease, and building a resilient urban TB system. It will focus on three key areas: expanding TB and DR-TB case identification and treatment; prioritizing people-centered care; and exploring innovative methods to combat TB. “2024 marks an important milestone in the relationship between the people of the United States and the people of Ethiopia. The two countries established formal diplomatic ties 120 years ago, and 60 years later, USAID was established in Ethiopia.  We have been here since then, partnering together to make Ethiopia strong. We are committed to Ethiopia’s efforts to end TB,” said Karen Koprince, USAID/Ethiopia Acting Health Office Director. The project will be implemented by a local organization REACH Ethiopia, with two other local organizations, Organic Health Services and Yeshama Birhan as part of USAID’s localization strategy. USAID aims to reach nearly six million people with comprehensive TB services. The project will focus on vulnerable populations including the elderly, those with diabetes, HIV, and those in facilities like prisons, shelters, underserved urban areas, and industrial parks. Walta Media and Communication Corporate S.C. (WMCC) is a broadcast media company based in Addis Ababa, the political capital of Africa. The company which owns TV and Radio Stations aspires to become a pan African media company currently disseminating information in local and international languages."
Exclusive Interview with Taye Denda – Part 2,https://www.waltainfo.com/exclusive-interview-with-taye-denda-part-2/,,"Walta Media and Communication Corporate S.C. (WMCC) is a broadcast media company based in Addis Ababa, the political capital of Africa. The company which owns TV and Radio Stations aspires to become a pan African media company currently disseminating information in local and international languages."
ASTEWLOT Film Inaugurated in Presence of PM Abiy Ahmed,https://www.waltainfo.com/astewlot-film-inaugurated-in-presence-of-pm-abiy-ahmed/,,"Addis Ababa, April 17, 2024 (Addis Walta) ASTEWLOT, a film produced by the Ethiopian Artificial Intelligence Institute (EAII), inaugurated in the presence of Prime Minister Abiy Ahmed. Director General of the Institute, Engineer Worku Gachena highlighted the importance of Artificial Intelligence (AI) for future betterment of the world. The Director General hailed Prime Minister Abiy for his immense contribution for the development of the sector citing the establishment of the institute and the encouraging achievements so far registered in the sector. He said currently the institute is engaged in various activities vital for the advancement of the country stressing the need to intensify efforts to further strengthen the sector. ASTEWLOT is a scientific film based on a true story, according to ENA report. The film is produced by the institute in collaboration with Sewugna Films Production Company. Walta Media and Communication Corporate S.C. (WMCC) is a broadcast media company based in Addis Ababa, the political capital of Africa. The company which owns TV and Radio Stations aspires to become a pan African media company currently disseminating information in local and international languages."
President Kim Il Sung and Nation Building,https://www.waltainfo.com/president-kim-il-sung-and-nation-building/,," President Kim Il Sung (1912-1994) was the founder of the Democratic People’s Republic of Korea. Having embarked on the road of revolution in his teens with an ambition to win back his lost country, the President liberated Korea on August 15, 1945 by leading to victory the 15-year-long fierce armed struggle against the formidable Japanese imperialists, with neither state backing nor support from a regular army. The struggle was unprecedented in the history of the world’s national liberation struggle. As a result, broad prospects for building an independent, sovereign state were opened for the country. In the international political arena around that time, Ame-style “democracy” and Soviet-style democracy were regarded as the political mainstream. However, Kim Il Sung did not follow the mainstream. In the past the Korean people had been subjected to maltreatment and exploitation with no freedom and rights for a long time under the feudal system and the colonial rule by the Japanese imperialists. We should not follow the political trend, divorced from the people’s interest and demands. The present stage of the Korean revolution is an anti-imperialist, anti-feudal democratic revolution. We must adopt progressive democracy, which is neither Soviet-style democracy nor Ame-style “democracy,” but instead suitable to the specific conditions of Korea. Only after taking the road to progressive democracy will we be able to bring our people genuine freedom and happiness and achieve full independence and sovereignty for the country by closely uniting wide sections of patriotic and democratic forces. This was his stand on building a country. Based on the experience he had gained while building a people’s revolutionary government, which championed the people’s rights and freedom, in the guerrilla bases during the anti-Japanese armed struggle, Kim Il Sung advanced the line of nation building suited to the actual conditions of Korea and wisely led the struggle to realize it. Under his leadership the law on the agrarian reform, labour law, law on sex equality and law on the nationalization of major industries were proclaimed and other democratic reforms were enforced. And a solid foundation for building a nation was laid through democratic elections. He firmly rallied the broad sections of people from all walks of life—workers, peasants and intellectuals—and encouraged them to turn out as one in the effort to build a new Korea. As a result, the DPRK, the first people’s democratic state in the East, was founded on September 9, 1948. Kim Il Sung was elected head of state and premier of the Cabinet according to the unanimous will of all the Korean people. At a mass rally of Pyongyang citizens held to celebrate the establishment of the DPRK government, he said: From now on, as a full-fledged nation with a government of their own our people will always be protected by this government and have dignity, rights and honour as citizens of the DPRK. The founding of the democratic, independent and sovereign state by Kim Il Sung made it possible for the DPRK to develop into a socialist state centred on the masses of the people, a powerful nation independent in politics, self-supporting in the economy and self-reliant in national defence.  The content of this article does not represent the opinions and perspectives of Addis Walta. Walta Media and Communication Corporate S.C. (WMCC) is a broadcast media company based in Addis Ababa, the political capital of Africa. The company which owns TV and Radio Stations aspires to become a pan African media company currently disseminating information in local and international languages."
The First Round Digital Financial Literacy Campaign Kicks Off in Addis,https://www.waltainfo.com/the-first-round-digital-financial-literacy-campaign-kicks-off-in-addis/,,"Addis Ababa, June 12, 2024(Addis Walta) The Ministry of Innovation and Technology has launched the first round of a digital financial literacy campaign in collaboration with the National Bank, the Commercial Bank, the Development Bank of Ethiopia, Ethio Telecom, and the European Union. The campaign aims to raise awareness about digital finance in educational institutions nationwide. During the opening speech, Minister of State for Innovation and Technology Yishru Alemayheu (P.H.D) emphasized the importance of teaching students to implement digital finance and making it accessible to all sections of society. The campaign is scheduled from June 13 to 15, 2024, and will target students in 36 educational institutions ranging from primary level to college. The Minister of State highlighted that a year and a half of research has been conducted in preparation for the implementation of this campaign. Walta Media and Communication Corporate S.C. (WMCC) is a broadcast media company based in Addis Ababa, the political capital of Africa. The company which owns TV and Radio Stations aspires to become a pan African media company currently disseminating information in local and international languages."
Ethiopia’s Water Resources as Pillar of Development,https://www.waltainfo.com/ethiopias-water-resources-as-pillar-of-development/,," Walta Media and Communication Corporate S.C. (WMCC) is a broadcast media company based in Addis Ababa, the political capital of Africa. The company which owns TV and Radio Stations aspires to become a pan African media company currently disseminating information in local and international languages."
Ethiopia Condemns Terrorist Attack in Pakistan,https://www.waltainfo.com/ethiopia-condemns-terrorist-attack-in-pakistan/,,"Addis Ababa, September 23, 2024 (Addis Walta) Ethiopia condemns the terrorist attack in the Khyber Pakhtunkhwa region of Pakistan. The attack targeted the several envoys of diplomatic convoy including the Ethiopian Ambassador to Pakistan, according to the MFA of Ethiopia. Ethiopia expressed it condolences to the family of the deceased security personnel, who was on duty escorting the diplomats, and to the people and Government of Pakistan. Walta Media and Communication Corporate S.C. (WMCC) is a broadcast media company based in Addis Ababa, the political capital of Africa. The company which owns TV and Radio Stations aspires to become a pan African media company currently disseminating information in local and international languages."
What if We Don’t Want to Get Married? – Mama Africa,https://www.waltainfo.com/what-if-we-dont-want-to-get-married-mama-africa/,,"Walta Media and Communication Corporate S.C. (WMCC) is a broadcast media company based in Addis Ababa, the political capital of Africa. The company which owns TV and Radio Stations aspires to become a pan African media company currently disseminating information in local and international languages."
Artists and Applause,https://www.waltainfo.com/artists-and-applause/,,"    Walta Media and Communication Corporate S.C. (WMCC) is a broadcast media company based in Addis Ababa, the political capital of Africa. The company which owns TV and Radio Stations aspires to become a pan African media company currently disseminating information in local and international languages."
WHO Lauds Introduction of Yellow Fever Vaccine into Ethiopia’s Routine Immunization,https://www.waltainfo.com/who-lauds-introduction-of-yellow-fever-vaccine-into-ethiopias-routine-immunization/,,"Addis Ababa, March 18, 2024 (Addis Walta) The World Health Organization (WHO) has lauded the recent decision by Ethiopia to approve the life-saving yellow fever vaccine into the country’s routine immunization program. This decision is a major part of Ethiopia’s efforts to implement the Eliminate Yellow Fever Epidemics strategy that aims to protect almost one billion people against this deadly disease worldwide and eliminate its epidemics by the end of 2026, the WHO said in a statement. Nonhlanhla Dlamini, acting representative of the WHO Ethiopia, said the approval to introduce the yellow fever vaccine in Ethiopia is a significant breakthrough to ensure the availability of vaccines for the people of the country and protect populations at risk. “The WHO is coordinating the effort and supporting the government by engaging multidisciplinary partners to extend their support with the resources required for smooth integration of yellow fever vaccine into their routine immunization schedule,” said Dlamini. This year, the Eliminate Yellow Fever Epidemics (EYE) strategy will host its 7th Annual Partners’ Meeting in Addis Ababa from 19 to 21 March and provides an opportunity for Ethiopia to gain insights from countries that have already introduced yellow fever vaccine into their routine immunization schedules, and that have conducted preventive vaccination campaigns, ENA reported. State Minister of Health Dereje Duguma said “Hosting this EYE Partners’ meeting immediately after the country’s significant decision allows us to learn from the experiences of other countries and seek support from EYE partners to implement the EYE Strategy within our nation effectively.” Yellow fever is a viral disease transmitted between humans by the bites of mosquitoes, according to the WHO. There is no specific treatment for yellow fever, which has a case fatality rate as high as 31 percent to 47 percent for those who develop severe forms of the disease. A single dose of yellow fever vaccine provides life-long protection, WHO noted. Walta Media and Communication Corporate S.C. (WMCC) is a broadcast media company based in Addis Ababa, the political capital of Africa. The company which owns TV and Radio Stations aspires to become a pan African media company currently disseminating information in local and international languages."
"Russia, Sao Tome & Principe Sign Military Cooperation Agreement",https://www.waltainfo.com/russia-sao-tome-principe-sign-military-cooperation-agreement/,,"Addis Ababa, May 7, 2024(Addis Walta) The governments of Russia and the Democratic Republic of Sao Tome and Principe have signed an agreement on military cooperation. The agreement states that the two sides have agreed to cooperate in the following areas: joint training of troops, recruitment of armed forces, use of weapons and military equipment, logistics, exchange of experience and information in the framework of countering the ideology of extremism and international terrorism, education and training of personnel. Walta Media and Communication Corporate S.C. (WMCC) is a broadcast media company based in Addis Ababa, the political capital of Africa. The company which owns TV and Radio Stations aspires to become a pan African media company currently disseminating information in local and international languages."
Desta the Robot Makes Debut at Startup Ethiopia Exhibition,https://www.waltainfo.com/desta-the-robot-makes-debut-at-startup-ethiopia-exhibition/,,"Addis Ababa, April 11, 2024(Addis Walta) Ethiopian Artificial Intelligence Institute (EAII) and iCog Labs, in collaboration with other institutions, unveiled a robot named ‘Desta the Robot’ at the Startup Ethiopia Exhibition, which was held at the Science Museum in Addis Ababa. Children, youth, and various sections of society are visiting the startup exhibition to explore the showcased projects, including Desta the Robot, at the National Science Museum. During the launching of the exhibition on April 8th, Minister of State for Finance, Eyob Tekalign, affirmed Ethiopia’s commitment to advancing artificial intelligence technology. He highlighted that the Ethiopian Artificial Intelligence Institute has integrated Amharic language programming into Desta the Robot. Eyob emphasized Ethiopia’s aspiration to attain the same level of advancement in artificial intelligence as the rest of the world. Desta the Robot is anticipated to showcase its abilities at a jazz event featuring the acclaimed Ethiopian artist Mulatu Astaseke on April 11. There are indications that Desta the Robot, with other robotic creations from EAII, will be exhibited at the Institute starting next Friday, offering a glimpse into the cutting-edge advancements in AI technology emerging from Ethiopia. Walta Media and Communication Corporate S.C. (WMCC) is a broadcast media company based in Addis Ababa, the political capital of Africa. The company which owns TV and Radio Stations aspires to become a pan African media company currently disseminating information in local and international languages."
Spain Crowned as Euro 2024 Champions,https://www.waltainfo.com/spain-crowned-as-euro-2024-champions/,," Addis Ababa, July 15, 2024 (Addis Walta) Spain is crowned Champions of the Euro 2024 cup beating England 2 -1 at normal time. Spain with young talents dominated the game both first and second half. While England lost Euro final back-to-back, Spain picked up its 4th trophy of the tournament.  Lamine Yamal, who just turned 17 yesterday, has deservedly won the best young player of Euro 2024 with one stunning goal against France in the semifinal and four assist. The 28 years old Spanish midfielder, Rodri is selected best player of the tournament while the England goalkeeper, Jordan Pickford crowned as best goalkeeper of UEFA EURO 2024 . Walta Media and Communication Corporate S.C. (WMCC) is a broadcast media company based in Addis Ababa, the political capital of Africa. The company which owns TV and Radio Stations aspires to become a pan African media company currently disseminating information in local and international languages."
Exclusive Interview with Former Peace Minister Muferihat Kamil,https://www.waltainfo.com/exclusive-interview-with-former-peace-minister-muferihat-kamil/,,"Walta Media and Communication Corporate S.C. (WMCC) is a broadcast media company based in Addis Ababa, the political capital of Africa. The company which owns TV and Radio Stations aspires to become a pan African media company currently disseminating information in local and international languages."
Zambia Jails 22 Chinese Nationals for Cybercrime,https://www.waltainfo.com/zambia-jails-22-chinese-nationals-for-cybercrime/,," Addis Ababa, June 8, 2024 (Addis Walta) Zambian jailed 22 Chinese nationals yesterday over cybercrime. The court in Zambian capital, Lusaka, sentenced them for 7 to 11 years in jail for internet fraud and online scams targeting Zambians and people from Singapore, Peru and UAE. In addition, they were fined between 1,500 to 3,000 USD after they pleaded guilty to charges of computer-related misrepresentation, identity fraud and illegally operating a network or service, according to Africanews report.  A Cameroonian man is also sent to jail by the court for similar crime. Last April, 77 people, most of them were Zambian citizens, were arrested by police over “sophisticated internet fraud syndicate”. Zambian authorities managed to recover over 13,000 local and foreign mobile phone SIM cards, two firearms and 78 rounds of ammunition during the raid. Walta Media and Communication Corporate S.C. (WMCC) is a broadcast media company based in Addis Ababa, the political capital of Africa. The company which owns TV and Radio Stations aspires to become a pan African media company currently disseminating information in local and international languages."
EPL Announces 2024/25 Fixtures,https://www.waltainfo.com/epl-announces-2024-25-fixtures/,," Addis Ababa, June 18, 2024 (Addis Walta) The English Premier League (EPL) announced the fixture for 2024/25 season. Manchester United takes on Fulham on August 16, 2024 at league’s opening match of the season. On Saturday August 17, six matches will be played while on Sunday Brentford vs Crystal Place and Chelsea hosts the reigning champions, Manchester City at Stanford Bridge. On Monday August 19, the recently promoted Leister City takes on Spurs, per EPL. Walta Media and Communication Corporate S.C. (WMCC) is a broadcast media company based in Addis Ababa, the political capital of Africa. The company which owns TV and Radio Stations aspires to become a pan African media company currently disseminating information in local and international languages."
Swiss Court Sentences ex-Gambian Minister 20 Years,https://www.waltainfo.com/swiss-court-sentences-ex-gambian-minister-20-years/,,"  Addis Ababa, May 15, 2024 (Addis Walta) A Swiss Federal Criminal Court found former Gambian Interior Minister, Ousman Sonko, guilty of crimes against humanity. The court found the former interior minister guilty of intentional homicide, torture and false imprisonment while serving between 2006 and 2016 under former Gambian President, Yahya Jammeh. Swiss prosecutors had accused Sonko of supporting, participating in and failing to stop attacks against political opponents in the country. The charges included nine counts of crimes against humanity. The former minister applied asylum in Switzerland in November 2016 and was arrested two weeks later. The Rights Group welcomed the court’s ruling against the 55-years old Sonko which is in line with universal jurisdiction which allows countries crimes against humanity, war crimes and genocide regardless of where they were committed. Under the universal jurisdiction principle, Switzerland has the right to put individuals on trial who committed series crimes against humanity. Ousman Sonko is the second man tried in Switzerland after Alieu Kosiah, a Liberian figure who was handed a 20-year term in June 2021 for mass killings and other crimes perpetrated in the Liberian civil wars, according to Aljazera. Walta Media and Communication Corporate S.C. (WMCC) is a broadcast media company based in Addis Ababa, the political capital of Africa. The company which owns TV and Radio Stations aspires to become a pan African media company currently disseminating information in local and international languages."
Respected Comrade Kim Jong Un Takes Important Measures for Rehabilitation in Flood-hit Areas,https://www.waltainfo.com/respected-comrade-kim-jong-un-takes-important-measures-for-rehabilitation-in-flood-hit-areas/,," Addis Ababa, August 10, 2024 (Addis Walta) The sacred leadership of the great father, who with warm love and ennobling spirit of making devoted service for the people as his natural character, continues the long journey of devoted service for their wellbeing while dedicating his tireless thinking and efforts to the sake of the people all the time, has touched the flood-stricken people again, redoubling their confidence in and optimism about the future. Kim Jong Un , general secretary of the Workers’ Party of Korea and president of the State Affairs of the Democratic People’s Republic of Korea, visited the flood-hit area in Uiju County of North Phyongan Province again on August 8 and 9 and took important measures for rehabilitation. He, who pioneered an honorable campaign for providing the homeless people in the disaster-stricken areas with fine homes as soon as possible, visited again the flood victims of Uiju County on August 8. On a hillock near a bank of the River Amnok overlooking the inundated island of Uiju County, he learned in detail about the specific conditions of the flooded area whose configuration begins to surface, and gave important instructions for rehabilitation. He stressed the need to expand and propel the rehabilitation in a forward-looking and development-oriented way from the viewpoint that the rehabilitation is not only an undertaking for eradicating the aftermath of natural disaster but also a crucial issue of implementing the Party’s far-reaching regional development programme. Calling for decisively raising the water-passage capacity in order to tackle the chronic vulnerability of the area that turns into a “reservoir” in downpour, he instructed the hydraulic engineering and designing sectors to take practical measures after jointly examining in a scientific way the current state of a river bank and the flood-prevention capacity of Uiju County which is bound to suffer flood damage due to the growing water level of the River Amnok. Saying that a radical change should be made in building a highly-civilized and fashionable residential district as good as the ones in city, occasioned by the construction of new dwelling houses in Uiju County, he called for building an ideal “rural cultural city,” where all amenities related to urban management, ranging from the supply of electricity and drinking water to sewage disposal, are perfectly provided. Then, he visited tents being used by flood victims as temporary dwellings and warmly consoled them. The flood victims, unexpectedly seeing Kim Jong Un who visited their quarters in sweltering weather, broke into cheers of “Hurrah!” in tears of great excitement. Sitting knee to knee with flood victims, Kim Jong Un took meticulous care of their living, warmly asking them whether they had something inconvenient, how their meals were provided and if there were any ill persons. Telling them that it would be so hard for them to live away from home, he called on them to endure such pain a little more until the day when a paradise will be built on the ruins left by the natural disaster to provide them with a better life. He thanked them for invariably believing in our Party, saying rehabilitation doesn’t matter as there exists such deep trust. Feeding children with confectionary he personally brought and putting lovely clothes on them, he said that seeing children he felt really encouraged and more deeply awakened to the sense of the duty he assumed to make the country stronger for the rising generations. He met flood victims of Uiju County again on August 9 to clarify our Party and government’s stand related to rehabilitation, take crucial measures and console them. He made sure that aid materials prepared by the Party Central Committee for the flood victims of Sinuiju City and Uiju County were conveyed to them by his private train. He also authorized the members of the Political Bureau of the Party Central Committee to convey the aid materials to the flood victims in Jagang and Ryanggang provinces on the spot. Cadres of the Party Central Committee handed over the aid materials to the flood victims. Kim Jong Un showed warm parental care for children, warmly hugging them in new clothes, caressing their hair and talking with them in whispers. He made a consolatory speech before the flood victims. Noting that he came again to acquaint himself in more detail about their living conditions on the spot, reassign a series of tasks related to the recovery work and take crucial state measures helpful to the victims in addition, he said that he felt much relieved and greatly encouraged to see all of them living in good health without any inconvenience. The most urgent issue, arising in the period of two or three months until the housing construction is completed and their living stabilized, is the one of life and education of children and students, he said, adding that childcare, edification and education are the primary state affairs never to be given up in any emergency situation. He announced such an important measure as putting into operation an emergency system to bring all the children and students in the families of flood victims in North Phyongan, Jagang and Ryanggang provinces to Pyongyang to take educational care of them in a secure and convenient environment at the expenses of the state and in its direct charge until the rehabilitation finishes, and rendering state-backed protection and care to the old and sick persons, honoured disabled soldiers and baby mums after bringing them to Pyongyang. He said that he leaves everything to individual intentions and decisions of the flood victims for there may be different personal problems but the above-said measure is to be taken as a top priority of the state so the Party and the government will take full charge and care of the health and life of the flood victims who will come to Pyongyang in the sincerest manner and do their best to that end. Expressing thanks to various foreign countries and international organizations for their offer of humanitarian support, he said what we regard as the best in all realms and processes of state affairs is the firm trust in the people and the way of tackling problems thoroughly based on self-reliance. Our Party Central Committee and government will depend entirely on the patriotic enthusiasm and courage of our people and the potentialities of our country in the ongoing rehabilitation, too, he added. Referring to the fact that the DPRK has taken sure advantage in the ongoing rehabilitation by dint of nationwide concentration and all-people mobilization, he solemnly declared that our Party and government will readily brave any challenges to accomplish without fail the tasks of the times, the historic tasks which they decided and shouldered of their own accord for our great people and future, and surely live up to the people’s trust with faithful service and good results. The undying story, in which Kim Jong Un visited the flood-stricken people again to console and encourage them and take important state measures repeatedly for stabilizing their living and successfully carrying out the rehabilitation, will be recorded in history as another legendary tale about his paternal love for the people to be etched in the great father’s journey of devoted service, and as a significant event that adds vitality to the drive of the people all out in response to the Party’s call, proving once again that the programme and policies of the WPK and the DPRK government are based on the people-first doctrine. -0-   Walta Media and Communication Corporate S.C. (WMCC) is a broadcast media company based in Addis Ababa, the political capital of Africa. The company which owns TV and Radio Stations aspires to become a pan African media company currently disseminating information in local and international languages."
House Approves State of Emergency,https://www.waltainfo.com/house-approves-state-of-emergency/,,"Walta Media and Communication Corporate S.C. (WMCC) is a broadcast media company based in Addis Ababa, the political capital of Africa. The company which owns TV and Radio Stations aspires to become a pan African media company currently disseminating information in local and international languages."
About Us,https://www.waltainfo.com/about-us/,,"Who We Are Walta Media and Communication Corporate S.C. (WMCC) is a broadcast media company based in Addis Ababa, the political capital of Africa. The company which owns TV and Radio Stations aspires to become a pan African media company currently disseminating information in local and international languages. Walta has built its reputation through covering all aspect of Ethiopia and beyond in its professional news, documentary and programs reporting. Hard work, commitment to change, sincerity, customer respect, and respect to diversity are the hallmark our institution. Since the founding of our corporation in 1986, we have been striving to be equipped with state-of-the-art media technology that tailored to the needs of 21 century media landscape. Major Functions Apart from producing and disseminating professionally crafted news, documentary and programs through our broadcast stations and digital media platforms, our corporation is engaged in top notched research, public relation and event organizing, media training, digital signage, and outdoor advertising. For any inquiry you might have, please do not hesitate to reach out to us though the following contact address. If you wish to visit our head office physically, we are located on Sierra Leone Street/ Debrezeit Road, Behind Commercial Bank of Ethiopia Temeja Yaji Branch. Contacts Head Office: +251114670303 Fax: +251114670302 Email: [email protected] Customer Service Cell: +251944959595 Office: +251114705971 Email: [email protected] Fax: +251114670302 Documentary Office: +251114704229 Program Office: +251114704952 Human Resource Office: +251114670453 Fax: +251114670302 TV News Cell: +251903484848 Office: +251114707335 Email: [email protected] Walta FM Office: +251111552200 Email: [email protected] Web and Social Media Office: +251114704139 Walta SMS: 8970 Website : www.waltainfo.com Facebook Amharic : https://bit.ly/3Ma7QTW Facebook English : https://www.facebook.com/WMCC-English-108890734710426/ Facebook Arabic : https://bit.ly/3vmjIZR Twitter Amharic : https://twitter.com/walta_info Twitter Arabic: https://twitter.com/walta_arabic YouTube : https://www.youtube.com/c/WaltaTV/featured Telegram : https://t.me/WALTATVEth   Walta Media and Communication Corporate S.C. (WMCC) is a broadcast media company based in Addis Ababa, the political capital of Africa. The company which owns TV and Radio Stations aspires to become a pan African media company currently disseminating information in local and international languages."
